<?xml version="1.0" encoding="utf-8"?>
<annotations>
  <version>1.1</version>
  <meta>
    <task>
      <id>35</id>
      <name>74RR03_Bottom_Annotation2_v3.1</name>
      <size>7</size>
      <mode>annotation</mode>
      <overlap>0</overlap>
      <bugtracker>https://github.com/sreepranov/Annotations/issues/1</bugtracker>
      <created>2021-02-04 08:26:58.397618+00:00</created>
      <updated>2021-02-05 07:19:33.637142+00:00</updated>
      <start_frame>0</start_frame>
      <stop_frame>6</stop_frame>
      <frame_filter></frame_filter>
      <labels>
        <label>
          <name>Dent mark</name>
          <color>#2a7dd1</color>
          <attributes>
          </attributes>
        </label>
        <label>
          <name>Line mark</name>
          <color>#ff00cc</color>
          <attributes>
          </attributes>
        </label>
        <label>
          <name>OD line mark</name>
          <color>#f59331</color>
          <attributes>
          </attributes>
        </label>
        <label>
          <name>Metal Protrusion</name>
          <color>#cc9933</color>
          <attributes>
          </attributes>
        </label>
        <label>
          <name>Face Burr</name>
          <color>#c7a7e6</color>
          <attributes>
          </attributes>
        </label>
        <label>
          <name>Black spot</name>
          <color>#34d1b7</color>
          <attributes>
          </attributes>
        </label>
        <label>
          <name>Rust</name>
          <color>#3df53d</color>
          <attributes>
          </attributes>
        </label>
      </labels>
      <segments>
        <segment>
          <id>57</id>
          <start>0</start>
          <stop>6</stop>
          <url>httplocalhost:8080/?id=57</url>
        </segment>
      </segments>
      <owner>
        <username>sreepranov</username>
        <email>sreepranov@jidoka-tech.com</email>
      </owner>
      <assignee></assignee>
    </task>
    <dumped>2021-02-05 07:19:40.805467+00:00</dumped>
  </meta>
  <image id="6" name="74RR03_GDS_Bottom_9_OD.png" width="1024" height="1024">
    <box label="Dent mark" occluded="0" source="manual" xtl="246.69" ytl="629.04" xbr="288.71" ybr="675.86" z_order="0">
    </box>
    <box label="Dent mark" occluded="0" source="manual" xtl="672.86" ytl="97.24" xbr="693.27" ybr="145.25" z_order="0">
    </box>
    <box label="Dent mark" occluded="0" source="manual" xtl="355.94" ytl="102.04" xbr="383.55" ybr="129.65" z_order="0">
    </box>
  </image>
  <image id="5" name="74RR03_GDS_Bottom_8_OD.png" width="1024" height="1024">
    <box label="Dent mark" occluded="0" source="manual" xtl="689.70" ytl="276.10" xbr="772.50" ybr="356.54" z_order="0">
    </box>
    <box label="Dent mark" occluded="0" source="manual" xtl="520.40" ytl="210.08" xbr="560.02" ybr="249.69" z_order="0">
    </box>
  </image>
  <image id="4" name="74RR03_GDS_Bottom_14_OD.png" width="1024" height="1024">
    <box label="Face Burr" occluded="0" source="manual" xtl="639.25" ytl="285.71" xbr="731.68" ybr="374.54" z_order="0">
    </box>
    <box label="Dent mark" occluded="0" source="manual" xtl="563.62" ytl="212.48" xbr="599.63" ybr="248.49" z_order="0">
    </box>
    <box label="Dent mark" occluded="0" source="manual" xtl="336.73" ytl="726.28" xbr="361.94" ybr="756.29" z_order="0">
    </box>
    <box label="Dent mark" occluded="0" source="manual" xtl="286.31" ytl="686.67" xbr="317.52" ybr="720.28" z_order="0">
    </box>
    <box label="Dent mark" occluded="0" source="manual" xtl="455.58" ytl="776.70" xbr="525.20" ybr="805.50" z_order="0">
    </box>
    <box label="Dent mark" occluded="0" source="manual" xtl="246.69" ytl="639.85" xbr="283.91" ybr="663.86" z_order="0">
    </box>
  </image>
  <image id="3" name="74RR03_GDS_Bottom_13_OD.png" width="1024" height="1024">
    <box label="Dent mark" occluded="0" source="manual" xtl="364.34" ytl="252.10" xbr="400.35" ybr="291.71" z_order="0">
    </box>
    <box label="Dent mark" occluded="0" source="manual" xtl="471.18" ytl="217.28" xbr="516.80" ybr="256.90" z_order="0">
    </box>
    <box label="Dent mark" occluded="0" source="manual" xtl="551.61" ytl="765.90" xbr="611.64" ybr="804.31" z_order="0">
    </box>
    <box label="Face Burr" occluded="0" source="manual" xtl="675.26" ytl="624.24" xbr="760.49" ybr="725.08" z_order="0">
    </box>
  </image>
  <image id="2" name="74RR03_GDS_Bottom_12_OD.png" width="1024" height="1024">
    <box label="Dent mark" occluded="0" source="manual" xtl="414.76" ytl="777.90" xbr="540.81" ybr="857.13" z_order="0">
    </box>
    <box label="Line mark" occluded="0" source="manual" xtl="131.45" ytl="328.93" xbr="174.67" ybr="393.75" z_order="0">
    </box>
  </image>
  <image id="1" name="74RR03_GDS_Bottom_11_OD.png" width="1024" height="1024">
    <box label="Dent mark" occluded="0" source="manual" xtl="539.61" ytl="230.49" xbr="563.62" ybr="267.70" z_order="0">
    </box>
    <box label="Dent mark" occluded="0" source="manual" xtl="736.48" ytl="680.66" xbr="766.50" ybr="713.08" z_order="0">
    </box>
    <box label="Dent mark" occluded="0" source="manual" xtl="454.38" ytl="214.88" xbr="509.60" ybr="262.90" z_order="0">
    </box>
    <box label="Dent mark" occluded="0" source="manual" xtl="684.86" ytl="704.67" xbr="732.88" ybr="750.29" z_order="0">
    </box>
    <box label="Dent mark" occluded="0" source="manual" xtl="801.31" ytl="475.38" xbr="831.32" ybr="522.20" z_order="0">
    </box>
  </image>
  <image id="0" name="74RR03_GDS_Bottom_10_OD.png" width="1024" height="1024">
    <box label="Dent mark" occluded="0" source="manual" xtl="569.60" ytl="783.90" xbr="599.63" ybr="818.72" z_order="0">
    </box>
    <box label="Dent mark" occluded="0" source="manual" xtl="77.43" ytl="346.93" xbr="117.04" ybr="387.75" z_order="0">
    </box>
    <box label="Dent mark" occluded="0" source="manual" xtl="710.07" ytl="671.06" xbr="773.70" ybr="717.88" z_order="0">
    </box>
  </image>
</annotations>